{"proxies":{"ti.clipview.TiClipViewModule":{"superPackageName":"org.appcelerator.kroll","superProxyBindingClassName":"org.appcelerator.kroll.KrollModuleBindingGen","proxyClassName":"TiClipViewModule","proxyAttrs":{"propertyAccessors":[],"fullAPIName":"TiView","name":"TiView","proxyClassName":"ti.clipview.TiClipViewModule","isTopLevel":false,"id":"ti.clipview"},"packageName":"ti.clipview","sourceName":"ti.clipview.TiClipViewModuleBindingGen","isTitaniumSdk":false,"superProxyClassName":"KrollModule","isModule":true,"genClassName":"TiClipViewModuleBindingGen","onAppCreate":"onAppCreate"},"ti.clipview.ClipViewProxy":{"superPackageName":"org.appcelerator.titanium.proxy","superProxyBindingClassName":"org.appcelerator.titanium.proxy.TiViewProxyBindingGen","proxyClassName":"ClipViewProxy","proxyAttrs":{"propertyAccessors":[],"fullAPIName":"TiView.ClipView","name":"ClipView","proxyClassName":"ti.clipview.ClipViewProxy","isTopLevel":false,"id":"ti.clipview.ClipViewProxy","creatableInModule":"ti.clipview.TiClipViewModule","parentModule":"org.appcelerator.kroll.annotations.Kroll.DEFAULT"},"packageName":"ti.clipview","sourceName":"ti.clipview.ClipViewProxyBindingGen","isTitaniumSdk":false,"superProxyClassName":"TiViewProxy","isModule":false,"genClassName":"ClipViewProxyBindingGen"}},"modules":{"ti.clipview.TiClipViewModule":{"apiName":"TiView","createProxies":[{"propertyAccessors":[],"fullAPIName":"TiView.ClipView","name":"ClipView","proxyClassName":"ti.clipview.ClipViewProxy","isTopLevel":false,"id":"ti.clipview.ClipViewProxy","creatableInModule":"ti.clipview.TiClipViewModule","parentModule":"org.appcelerator.kroll.annotations.Kroll.DEFAULT"}]}}}